,count,mean,std,min,25%,50%,75%,max,missing,missing_pct,unique
Age,1000.0,52.293,15.727126040491108,25.0,39.0,52.0,66.0,79.0,0,0.0,55
Cholesterol,999.0,249.981981981982,57.927721494209464,150.0,200.0,248.0,299.0,349.0,1,0.1,200
Blood Pressure,996.0,135.35542168674698,26.39228950754637,90.0,112.75,136.0,159.0,179.0,4,0.4,90
Heart Rate,1000.0,79.204,11.48609221251137,60.0,70.0,79.0,89.0,99.0,0,0.0,40
Exercise Hours,1000.0,4.526,2.9383597393712635,0.0,2.0,4.5,7.0,9.0,0,0.0,10
Stress Level,1000.0,5.646,2.831024319693969,1.0,3.0,6.0,8.0,10.0,0,0.0,10
Blood Sugar,1000.0,135.433,36.8818082362942,70.0,105.0,135.0,168.0,199.0,0,0.0,130
Heart Disease,1000.0,0.392,0.4884409632438445,0.0,0.0,0.0,1.0,1.0,0,0.0,2
