Threshold,Precision,Recall,F1 Score
0.1,0.39,1.0,0.5611510791366906
0.2,0.39,1.0,0.5611510791366906
0.30000000000000004,1.0,1.0,1.0
0.4,1.0,1.0,1.0
0.5,1.0,1.0,1.0
0.6,1.0,0.9230769230769231,0.96
0.7000000000000001,0.0,0.0,0.0
0.8,0.0,0.0,0.0
0.9,0.0,0.0,0.0
