,accuracy,precision,recall,f1,roc_auc
XGBoost (Default),1.0,1.0,1.0,1.0,1.0
XGBoost (Tuned),1.0,1.0,1.0,1.0,0.9999999999999999
Random Forest,0.99,1.0,0.9743589743589743,0.987012987012987,1.0
Logistic Regression,0.86,0.8472222222222222,0.782051282051282,0.8133333333333334,0.9508196721311475
